source,target,linkWidth
"Demo/ThemeColorSwitcher/ThemeColorProvider.tsx","Demo/ThemeColorSwitcher/themes.ts",2.47
"Demo/ThemeColorSwitcher/ThemeColorSwitcher.tsx","Demo/ThemeColorSwitcher/ThemeColorProvider.tsx",2.47
"Demo/ThemeColorSwitcher/index.ts","Demo/ThemeColorSwitcher/ThemeColorProvider.tsx",2.67
"Demo/ThemeColorSwitcher/index.ts","Demo/ThemeColorSwitcher/ThemeColorSwitcher.tsx",2.47
"Demo/ThemeColorSwitcher/index.ts","Demo/ThemeColorSwitcher/themes.ts",2.47
"__tests__/agent-helpers.test.ts","agent-helpers.ts",2.01
"__tests__/bridge-helpers.test.ts","bridge.ts",3.48
"__tests__/dedup.test.ts","lib/dedup.ts",2.25
"admin-console.ts","card-balance-sync.ts",3.74
"admin-console.ts","config.ts",5.13
"admin-console.ts","growth-agent/skills/learning-loop.ts",3.18
"admin-console.ts","heimdall/index.ts",5.39
"admin-console.ts","jupiter-client.ts",3.61
"admin-console.ts","lib/token-audit.ts",3.18
"admin-console.ts","swap.ts",3.99
"agent-bus-routes.ts","agent-bus/index.ts",2.85
"agent-bus-routes.ts","agent-bus/sign.ts",2.25
"agent-bus/index.ts","agent-bus/sign.ts",2.85
"agent-bus/index.ts","heimdall/index.ts",5.13
"agent-gas-sync.ts","bridge.ts",3.74
"agent-gas-sync.ts","native-price.ts",3.02
"alpha-bot.ts","polymarket.ts",2.85
"bridge.ts","config.ts",5.31
"bridge.ts","heimdall/index.ts",5.56
"bridge.ts","nonce-manager.ts",3.87
"budgets.ts","agent-bus/index.ts",3.18
"card-balance-sync.ts","error-reporter.ts",3.74
"card-balance-sync.ts","issuers.ts",3.74
"components/CreditCard/components/index.ts","components/CreditCard/components/CardContent.tsx",2.01
"components/CreditCard/index.tsx","components/CreditCard/components/index.ts",2.47
"components/CreditCard/index.tsx","components/CreditCard/config/creditCard.config.ts",2.25
"components/DraggableStatCards/components/DraggableStatsGrid.tsx","components/DraggableStatCards/components/StatCard.tsx",3.18
"components/DraggableStatCards/components/DraggableStatsGrid.tsx","components/DraggableStatCards/config/index.ts",3.33
"components/DraggableStatCards/components/DraggableStatsGrid.tsx","components/DraggableStatCards/hooks/index.ts",3.18
"components/DraggableStatCards/components/DraggableStatsGrid.tsx","components/DraggableStatCards/types.ts",3.18
"components/DraggableStatCards/components/StatCard.tsx","components/DraggableStatCards/components/StatCardContent.tsx",2.67
"components/DraggableStatCards/components/StatCard.tsx","components/DraggableStatCards/types.ts",3.02
"components/DraggableStatCards/components/index.ts","components/DraggableStatCards/components/DraggableStatsGrid.tsx",3.18
"components/DraggableStatCards/components/index.ts","components/DraggableStatCards/components/StatCard.tsx",3.02
"components/DraggableStatCards/components/index.ts","components/DraggableStatCards/components/StatCardContent.tsx",2.67
"components/DraggableStatCards/config/index.ts","components/DraggableStatCards/config/constants.ts",2.67
"components/DraggableStatCards/hooks/index.ts","components/DraggableStatCards/hooks/useDragSensors.ts",2.67
"components/DraggableStatCards/hooks/index.ts","components/DraggableStatCards/hooks/useStatsOrder.ts",2.85
"components/DraggableStatCards/hooks/useDragSensors.ts","components/DraggableStatCards/config/index.ts",2.85
"components/DraggableStatCards/hooks/useStatsOrder.ts","components/DraggableStatCards/config/index.ts",3.02
"components/DraggableStatCards/hooks/useStatsOrder.ts","components/DraggableStatCards/types.ts",2.85
"components/DraggableStatCards/index.ts","components/DraggableStatCards/components/index.ts",3.18
"components/DraggableStatCards/index.ts","components/DraggableStatCards/config/index.ts",3.33
"components/DraggableStatCards/index.ts","components/DraggableStatCards/hooks/index.ts",3.18
"components/DraggableStatCards/index.ts","components/DraggableStatCards/types.ts",3.18
"components/PageHeader/components/index.ts","components/PageHeader/components/Greeting.tsx",2.47
"components/PageHeader/components/index.ts","components/PageHeader/components/PageTitle.tsx",2.47
"components/PageHeader/components/index.ts","components/PageHeader/components/QuickActions.tsx",2.47
"components/WorldMap/components/MapGeographies.tsx","components/WorldMap/config.ts",2.85
"components/WorldMap/components/MapGeographies.tsx","components/WorldMap/types.ts",2.85
"components/WorldMap/components/index.ts","components/WorldMap/components/MapGeographies.tsx",2.67
"components/WorldMap/components/index.ts","components/WorldMap/components/ZoomControls.tsx",2.25
"components/WorldMap/config.ts","components/WorldMap/types.ts",3.02
"components/WorldMap/hooks/index.ts","components/WorldMap/hooks/useGeographies.ts",2.25
"components/WorldMap/hooks/index.ts","components/WorldMap/hooks/useMapPosition.ts",2.67
"components/WorldMap/hooks/useMapPosition.ts","components/WorldMap/config.ts",2.85
"components/WorldMap/hooks/useMapPosition.ts","components/WorldMap/types.ts",2.85
"components/WorldMap/index.tsx","components/WorldMap/components/index.ts",3.02
"components/WorldMap/index.tsx","components/WorldMap/config.ts",3.18
"components/WorldMap/index.tsx","components/WorldMap/hooks/index.ts",3.02
"components/WorldMap/index.tsx","components/WorldMap/types.ts",3.18
"components/charts/barChart.tsx","components/charts/chartTooltip.tsx",2.47
"components/charts/index.ts","components/charts/SummaryStatItem.tsx",2.85
"components/charts/index.ts","components/charts/areaChart.tsx",2.85
"components/charts/index.ts","components/charts/barChart.tsx",3.02
"components/charts/index.ts","components/charts/chartTooltip.tsx",3.18
"components/charts/index.ts","components/charts/donutChart.tsx",2.85
"components/charts/index.ts","components/charts/simpleAreaChart.tsx",3.02
"components/charts/simpleAreaChart.tsx","components/charts/chartTooltip.tsx",2.47
"components/dropdown.tsx","components/ui/dropdown-menu.tsx",2.25
"components/index.ts","components/CreditCard/index.tsx",5.48
"components/index.ts","components/DataStatusPill.tsx",5.31
"components/index.ts","components/DraggableStatCards/index.ts",5.64
"components/index.ts","components/InlineAlert.tsx",5.31
"components/index.ts","components/LanguageSelector.tsx",5.31
"components/index.ts","components/LocaleHandler.tsx",5.31
"components/index.ts","components/PageHeader/components/index.ts",5.56
"components/index.ts","components/PageHeader/index.tsx",5.31
"components/index.ts","components/PhoneInput.tsx",5.31
"components/index.ts","components/ShineBadge.tsx",5.31
"components/index.ts","components/SkeletonBlock.tsx",5.31
"components/index.ts","components/SmoothTabs.tsx",5.31
"components/index.ts","components/WorldMap/index.tsx",5.64
"components/index.ts","components/aurora.tsx",5.31
"components/index.ts","components/calendar.tsx",5.31
"components/index.ts","components/counter.tsx",5.31
"components/index.ts","components/country-select.tsx",5.31
"components/index.ts","components/date-picker.tsx",5.31
"components/index.ts","components/dateRangePicker.tsx",5.31
"components/index.ts","components/dropdown.tsx",5.39
"components/index.ts","components/form-field.tsx",5.31
"components/index.ts","components/iconButton.tsx",5.31
"components/index.ts","components/progressLink.tsx",5.31
"components/index.ts","components/settings-section.tsx",5.31
"components/index.ts","components/themeToggle.tsx",5.31
"components/index.ts","components/tooltip-bridge.tsx",5.39
"components/index.ts","components/ui/index.ts",6.89
"components/tooltip-bridge.tsx","components/ui/tooltip.tsx",2.25
"components/ui/index.ts","components/ui/Input.tsx",4.85
"components/ui/index.ts","components/ui/avatar.tsx",4.85
"components/ui/index.ts","components/ui/badge.tsx",4.85
"components/ui/index.ts","components/ui/button.tsx",4.94
"components/ui/index.ts","components/ui/card.tsx",4.85
"components/ui/index.ts","components/ui/checkbox.tsx",4.85
"components/ui/index.ts","components/ui/dialog.tsx",4.85
"components/ui/index.ts","components/ui/dropdown-menu.tsx",4.94
"components/ui/index.ts","components/ui/form-field.tsx",4.85
"components/ui/index.ts","components/ui/icon-button.tsx",4.85
"components/ui/index.ts","components/ui/label.tsx",4.85
"components/ui/index.ts","components/ui/pagination.tsx",4.94
"components/ui/index.ts","components/ui/popover.tsx",4.85
"components/ui/index.ts","components/ui/select.tsx",4.85
"components/ui/index.ts","components/ui/separator.tsx",4.85
"components/ui/index.ts","components/ui/sheet.tsx",4.85
"components/ui/index.ts","components/ui/switch.tsx",4.85
"components/ui/index.ts","components/ui/table.tsx",4.85
"components/ui/index.ts","components/ui/tabs.tsx",4.85
"components/ui/index.ts","components/ui/textarea.tsx",4.85
"components/ui/index.ts","components/ui/tooltip.tsx",4.94
"components/ui/pagination.tsx","components/ui/button.tsx",2.25
"db.ts","config.ts",5.13
"dwolla-client.ts","config.ts",4.55
"execution-dispatch.ts","agent-helpers.ts",3.74
"execution-dispatch.ts","alpha-bot.ts",3.87
"execution-dispatch.ts","bridge.ts",4.65
"execution-dispatch.ts","card-balance-sync.ts",4.11
"execution-dispatch.ts","config.ts",5.39
"execution-dispatch.ts","heimdall/index.ts",5.64
"execution-dispatch.ts","issuer-sync.ts",4.22
"execution-dispatch.ts","issuers.ts",4.44
"execution-dispatch.ts","nonce-manager.ts",3.99
"execution-dispatch.ts","polymarket.ts",3.99
"features/auth/components/DemoCredentialsCard/index.tsx","features/auth/components/DemoCredentialsCard/config.ts",2.01
"features/auth/components/LoginForm/components/LoginFormFields.tsx","features/auth/components/LoginForm/hooks/index.ts",2.67
"features/auth/components/LoginForm/components/RememberMe.tsx","features/auth/components/LoginForm/hooks/index.ts",2.67
"features/auth/components/LoginForm/components/index.ts","features/auth/components/LoginForm/components/LoginFormFields.tsx",3.02
"features/auth/components/LoginForm/components/index.ts","features/auth/components/LoginForm/components/LoginFormFooter.tsx",2.85
"features/auth/components/LoginForm/components/index.ts","features/auth/components/LoginForm/components/LoginFormHeader.tsx",2.85
"features/auth/components/LoginForm/components/index.ts","features/auth/components/LoginForm/components/RememberMe.tsx",3.02
"features/auth/components/LoginForm/components/index.ts","features/auth/components/LoginForm/components/SubmitButton.tsx",2.85
"features/auth/components/LoginForm/hooks/index.ts","features/auth/components/LoginForm/hooks/useLoginForm.ts",2.67
"features/auth/components/LoginForm/hooks/useLoginForm.ts","features/auth/components/LoginForm/config.ts",2.01
"features/auth/components/LoginForm/index.tsx","features/auth/components/LoginForm/components/index.ts",3.33
"features/auth/components/LoginForm/index.tsx","features/auth/components/LoginForm/hooks/index.ts",3.02
"features/auth/components/LoginForm/index.tsx","features/auth/components/SocialLoginButtons/index.tsx",3.18
"features/auth/components/SocialLoginButtons/SocialLoginSection.tsx","features/auth/components/SocialLoginButtons/SocialLoginWithPrivy.tsx",2.25
"features/auth/components/SocialLoginButtons/SocialLoginSection.tsx","features/auth/components/SocialLoginButtons/index.tsx",2.85
"features/auth/components/SocialLoginButtons/SocialLoginWithPrivy.tsx","features/auth/components/SocialLoginButtons/index.tsx",2.85
"features/auth/components/SocialLoginButtons/config.ts","features/auth/components/SocialLoginButtons/GoogleGMark.tsx",2.25
"features/auth/components/SocialLoginButtons/config.ts","features/auth/components/SocialLoginButtons/TelegramPlaneMark.tsx",2.25
"features/auth/components/SocialLoginButtons/index.tsx","features/auth/components/SocialLoginButtons/config.ts",3.02
"features/auth/components/index.ts","features/auth/components/DemoCredentialsCard/index.tsx",3.18
"features/auth/components/index.ts","features/auth/components/LoginForm/index.tsx",3.48
"features/auth/components/index.ts","features/auth/components/LoginHeader/index.tsx",3.02
"features/auth/components/index.ts","features/auth/components/SocialLoginButtons/index.tsx",3.61
"features/auth/index.ts","features/auth/AuthInitializer.tsx",2.67
"features/auth/index.ts","features/auth/ProtectedRoute.tsx",2.67
"features/auth/index.ts","features/auth/components/index.ts",3.61
"features/auth/index.ts","features/auth/layouts/index.ts",2.85
"features/auth/layouts/LoginLayout/components/index.ts","features/auth/layouts/LoginLayout/components/LoginBackground.tsx",2.01
"features/auth/layouts/LoginLayout/hooks/index.ts","features/auth/layouts/LoginLayout/hooks/useLogin.ts",2.25
"features/auth/layouts/LoginLayout/hooks/useLogin.ts","features/auth/components/index.ts",3.18
"features/auth/layouts/LoginLayout/index.tsx","features/auth/components/index.ts",3.48
"features/auth/layouts/LoginLayout/index.tsx","features/auth/layouts/LoginLayout/components/index.ts",2.67
"features/auth/layouts/LoginLayout/index.tsx","features/auth/layouts/LoginLayout/hooks/index.ts",2.67
"features/auth/layouts/index.ts","features/auth/layouts/LoginLayout/index.tsx",2.67
"features/dashboard/analytics/components/CategoryChart/components/CategoryDonutChart.tsx","features/dashboard/analytics/components/CategoryChart/config/category.config.ts",2.01
"features/dashboard/analytics/components/CategoryChart/index.tsx","features/dashboard/analytics/components/CategoryChart/components/CategoryDonutChart.tsx",2.67
"features/dashboard/analytics/components/CategoryChart/index.tsx","features/dashboard/analytics/components/CategoryChart/components/ChartHeader.tsx",2.85
"features/dashboard/analytics/components/RecentTransactions/components/TransactionsTable.tsx","features/dashboard/analytics/components/RecentTransactions/config/transactions.config.ts",2.01
"features/dashboard/analytics/components/RecentTransactions/index.tsx","features/dashboard/analytics/components/CategoryChart/components/ChartHeader.tsx",2.85
"features/dashboard/analytics/components/RecentTransactions/index.tsx","features/dashboard/analytics/components/RecentTransactions/components/TransactionsTable.tsx",2.67
"features/dashboard/analytics/components/RevenueChart/components/RevenueAreaChart.tsx","features/dashboard/analytics/components/RevenueChart/config/revenue.config.ts",2.67
"features/dashboard/analytics/components/RevenueChart/components/RevenueChartHeader.tsx","features/dashboard/analytics/components/RevenueChart/config/revenue.config.ts",2.67
"features/dashboard/analytics/components/RevenueChart/hooks/useRevenueData.ts","features/dashboard/analytics/components/RevenueChart/config/revenue.config.ts",2.67
"features/dashboard/analytics/components/RevenueChart/index.tsx","features/dashboard/analytics/components/RevenueChart/components/RevenueAreaChart.tsx",3.02
"features/dashboard/analytics/components/RevenueChart/index.tsx","features/dashboard/analytics/components/RevenueChart/components/RevenueChartHeader.tsx",3.02
"features/dashboard/analytics/components/RevenueChart/index.tsx","features/dashboard/analytics/components/RevenueChart/config/revenue.config.ts",3.33
"features/dashboard/analytics/components/RevenueChart/index.tsx","features/dashboard/analytics/components/RevenueChart/hooks/useRevenueData.ts",3.02
"features/dashboard/analytics/components/WeeklyActivity/components/ActivityHeatmap.tsx","features/dashboard/analytics/components/WeeklyActivity/config/weeklyActivity.config.ts",2.67
"features/dashboard/analytics/components/WeeklyActivity/components/ActivityTrendChart.tsx","features/dashboard/analytics/components/WeeklyActivity/config/weeklyActivity.config.ts",2.67
"features/dashboard/analytics/components/WeeklyActivity/components/SpendingTrendChart.tsx","features/dashboard/analytics/components/WeeklyActivity/config/weeklyActivity.config.ts",2.67
"features/dashboard/analytics/components/WeeklyActivity/index.tsx","features/dashboard/analytics/components/CategoryChart/components/ChartHeader.tsx",3.33
"features/dashboard/analytics/components/WeeklyActivity/index.tsx","features/dashboard/analytics/components/WeeklyActivity/components/ActivityHeatmap.tsx",3.18
"features/dashboard/analytics/components/WeeklyActivity/index.tsx","features/dashboard/analytics/components/WeeklyActivity/components/ActivityTrendChart.tsx",3.18
"features/dashboard/analytics/components/WeeklyActivity/index.tsx","features/dashboard/analytics/components/WeeklyActivity/components/SpendingTrendChart.tsx",3.18
"features/dashboard/analytics/components/WeeklyActivity/index.tsx","features/dashboard/analytics/components/WeeklyActivity/config/weeklyActivity.config.ts",3.48
"features/dashboard/analytics/components/index.ts","features/dashboard/analytics/components/CategoryChart/index.tsx",3.18
"features/dashboard/analytics/components/index.ts","features/dashboard/analytics/components/RecentTransactions/index.tsx",3.18
"features/dashboard/analytics/components/index.ts","features/dashboard/analytics/components/RevenueChart/index.tsx",3.48
"features/dashboard/analytics/components/index.ts","features/dashboard/analytics/components/WeeklyActivity/index.tsx",3.61
"features/dashboard/analytics/index.ts","features/dashboard/analytics/components/index.ts",3.02
"features/dashboard/analytics/index.ts","features/dashboard/analytics/layouts/index.ts",2.47
"features/dashboard/analytics/layouts/AnalyticsGrid/components/AnalyticsCharts.tsx","features/dashboard/analytics/components/CategoryChart/index.tsx",3.18
"features/dashboard/analytics/layouts/AnalyticsGrid/components/AnalyticsCharts.tsx","features/dashboard/analytics/components/RecentTransactions/index.tsx",3.18
"features/dashboard/analytics/layouts/AnalyticsGrid/components/AnalyticsCharts.tsx","features/dashboard/analytics/components/RevenueChart/index.tsx",3.48
"features/dashboard/analytics/layouts/AnalyticsGrid/components/AnalyticsCharts.tsx","features/dashboard/analytics/components/WeeklyActivity/index.tsx",3.61
"features/dashboard/analytics/layouts/AnalyticsGrid/components/index.ts","features/dashboard/analytics/layouts/AnalyticsGrid/components/AnalyticsCharts.tsx",3.02
"features/dashboard/analytics/layouts/AnalyticsGrid/components/index.ts","features/dashboard/analytics/layouts/AnalyticsGrid/components/AnalyticsStats.tsx",2.25
"features/dashboard/analytics/layouts/AnalyticsGrid/config/index.ts","features/dashboard/analytics/layouts/AnalyticsGrid/config/analytics.config.ts",2.01
"features/dashboard/analytics/layouts/AnalyticsGrid/index.tsx","features/dashboard/analytics/layouts/AnalyticsGrid/components/index.ts",2.67
"features/dashboard/analytics/layouts/AnalyticsGrid/index.tsx","features/dashboard/analytics/layouts/AnalyticsGrid/config/index.ts",2.47
"features/dashboard/analytics/layouts/index.ts","features/dashboard/analytics/layouts/AnalyticsGrid/index.tsx",2.47
"features/dashboard/arena/index.tsx","features/dashboard/arena/config/botDirectory.ts",1.71
"features/dashboard/cards/components/CardDetails/components/CardBalanceHighlight.tsx","features/dashboard/cards/shared/index.ts",4.11
"features/dashboard/cards/components/CardDetails/components/CardDetailsList/components/BadgeDetailRow.tsx","features/dashboard/cards/components/CardDetails/components/CardDetailsList/config/cardDetailsList.config.ts",2.47
"features/dashboard/cards/components/CardDetails/components/CardDetailsList/components/CardNumberRow.tsx","features/dashboard/cards/components/CardDetails/components/CardDetailsList/config/cardDetailsList.config.ts",2.47
"features/dashboard/cards/components/CardDetails/components/CardDetailsList/components/TextDetailRow.tsx","features/dashboard/cards/components/CardDetails/components/CardDetailsList/config/cardDetailsList.config.ts",2.47
"features/dashboard/cards/components/CardDetails/components/CardDetailsList/components/index.ts","features/dashboard/cards/components/CardDetails/components/CardDetailsList/components/BadgeDetailRow.tsx",2.67
"features/dashboard/cards/components/CardDetails/components/CardDetailsList/components/index.ts","features/dashboard/cards/components/CardDetails/components/CardDetailsList/components/CardNumberRow.tsx",2.67
"features/dashboard/cards/components/CardDetails/components/CardDetailsList/components/index.ts","features/dashboard/cards/components/CardDetails/components/CardDetailsList/components/TextDetailRow.tsx",2.67
"features/dashboard/cards/components/CardDetails/components/CardDetailsList/index.tsx","features/dashboard/cards/components/CardDetails/components/CardDetailsList/components/index.ts",3.02
"features/dashboard/cards/components/CardDetails/components/CardDetailsList/index.tsx","features/dashboard/cards/components/CardDetails/components/CardDetailsList/hooks/useCardNumber.ts",2.47
"features/dashboard/cards/components/CardDetails/components/CardDetailsList/index.tsx","features/dashboard/cards/shared/index.ts",4.33
"features/dashboard/cards/components/CardDetails/components/CardQuickActions.tsx","features/dashboard/cards/shared/index.ts",4.11
"features/dashboard/cards/components/CardDetails/components/index.ts","features/dashboard/cards/components/CardDetails/components/CardBalanceHighlight.tsx",2.67
"features/dashboard/cards/components/CardDetails/components/index.ts","features/dashboard/cards/components/CardDetails/components/CardDetailsList/index.tsx",3.02
"features/dashboard/cards/components/CardDetails/components/index.ts","features/dashboard/cards/components/CardDetails/components/CardQuickActions.tsx",2.67
"features/dashboard/cards/components/CardDetails/index.tsx","features/dashboard/cards/components/CardDetails/components/index.ts",2.85
"features/dashboard/cards/components/CardDetails/index.tsx","features/dashboard/cards/shared/index.ts",4.22
"features/dashboard/cards/components/CardListItem/components/CardInfoGrid.tsx","features/dashboard/cards/shared/index.ts",4.11
"features/dashboard/cards/components/CardListItem/components/CardStatusBadge.tsx","features/dashboard/cards/shared/index.ts",4.11
"features/dashboard/cards/components/CardListItem/components/index.ts","features/dashboard/cards/components/CardListItem/components/CardInfoGrid.tsx",2.47
"features/dashboard/cards/components/CardListItem/components/index.ts","features/dashboard/cards/components/CardListItem/components/CardStatusBadge.tsx",2.47
"features/dashboard/cards/components/CardListItem/index.tsx","features/dashboard/cards/components/CardListItem/components/index.ts",3.02
"features/dashboard/cards/components/CardListItem/index.tsx","features/dashboard/cards/components/CardListItem/config/cardActions.config.tsx",2.67
"features/dashboard/cards/components/CardListItem/index.tsx","features/dashboard/cards/shared/index.ts",4.44
"features/dashboard/cards/index.ts","features/dashboard/cards/components/CardDetails/index.tsx",3.18
"features/dashboard/cards/index.ts","features/dashboard/cards/components/CardListItem/index.tsx",3.48
"features/dashboard/cards/index.ts","features/dashboard/cards/components/CardsHeader/index.tsx",2.85
"features/dashboard/cards/index.ts","features/dashboard/cards/layouts/index.ts",3.02
"features/dashboard/cards/index.ts","features/dashboard/cards/shared/index.ts",4.55
"features/dashboard/cards/layouts/CardsGrid/components/CardsList.tsx","features/dashboard/cards/components/CardListItem/index.tsx",3.02
"features/dashboard/cards/layouts/CardsGrid/components/CardsList.tsx","features/dashboard/cards/shared/index.ts",4.22
"features/dashboard/cards/layouts/CardsGrid/components/index.ts","features/dashboard/cards/layouts/CardsGrid/components/CardsList.tsx",2.67
"features/dashboard/cards/layouts/CardsGrid/components/index.ts","features/dashboard/cards/layouts/CardsGrid/components/CardsStats.tsx",2.25
"features/dashboard/cards/layouts/CardsGrid/hooks/index.ts","features/dashboard/cards/layouts/CardsGrid/hooks/useCardsState.ts",2.47
"features/dashboard/cards/layouts/CardsGrid/hooks/index.ts","features/dashboard/cards/layouts/CardsGrid/hooks/useCardsStats.tsx",2.47
"features/dashboard/cards/layouts/CardsGrid/hooks/useCardsState.ts","features/dashboard/cards/shared/index.ts",4.11
"features/dashboard/cards/layouts/CardsGrid/hooks/useCardsStats.tsx","features/dashboard/cards/shared/index.ts",4.11
"features/dashboard/cards/layouts/CardsGrid/index.tsx","features/dashboard/cards/components/TransactionsModal.tsx",2.67
"features/dashboard/cards/layouts/CardsGrid/index.tsx","features/dashboard/cards/layouts/CardsGrid/components/index.ts",3.02
"features/dashboard/cards/layouts/CardsGrid/index.tsx","features/dashboard/cards/layouts/CardsGrid/hooks/index.ts",3.02
"features/dashboard/cards/layouts/CardsGrid/index.tsx","features/dashboard/cards/shared/index.ts",4.44
"features/dashboard/cards/layouts/index.ts","features/dashboard/cards/layouts/CardsGrid/index.tsx",2.85
"features/dashboard/cards/shared/index.ts","features/dashboard/cards/shared/CardDetailRow.tsx",3.99
"features/dashboard/cards/shared/index.ts","features/dashboard/cards/shared/types.ts",3.99
"features/dashboard/index.ts","features/dashboard/analytics/index.ts",4.11
"features/dashboard/index.ts","features/dashboard/cards/index.ts",4.44
"features/dashboard/index.ts","features/dashboard/overview/components/BarChartWidget/index.tsx",4.55
"features/dashboard/index.ts","features/dashboard/overview/components/CardSection/index.tsx",4.55
"features/dashboard/index.ts","features/dashboard/overview/components/SmartInvestPanel/index.tsx",4.55
"features/dashboard/index.ts","features/dashboard/overview/components/StatisticsChart/index.tsx",4.55
"features/dashboard/index.ts","features/dashboard/overview/components/TransactionsPanel/index.tsx",4.55
"features/dashboard/index.ts","features/dashboard/overview/components/WorldMapWidget/index.tsx",4.33
"features/dashboard/index.ts","features/dashboard/overview/layouts/DashboardGrid/components/DashboardHeader/components/QuickTransferSheet/index.tsx",4.22
"features/dashboard/index.ts","features/dashboard/overview/layouts/DashboardGrid/index.tsx",4.33
"features/dashboard/index.ts","features/dashboard/settings/index.ts",4.11
"features/dashboard/index.ts","features/dashboard/transactions/index.tsx",4.22
"features/dashboard/my-card-1/components/CardLimits.tsx","features/dashboard/my-card-1/hooks/useCardControls.ts",2.01
"features/dashboard/my-card-1/components/ReloadFlow.tsx","features/dashboard/my-card-1/components/KycReloadHint.tsx",2.47
"features/dashboard/my-card-1/components/ReloadFlow.tsx","features/dashboard/my-card-1/components/WalletDepositButton.tsx",2.47
"features/dashboard/my-card-1/components/WithdrawFlow.tsx","features/dashboard/my-card-1/components/ReloadFlow.tsx",2.85
"features/dashboard/my-card-1/index.tsx","features/dashboard/my-card-1/components/CardDetails.tsx",2.85
"features/dashboard/my-card-1/index.tsx","features/dashboard/my-card-1/components/CardLimits.tsx",3.02
"features/dashboard/my-card-1/index.tsx","features/dashboard/my-card-1/components/CardSettings.tsx",2.85
"features/dashboard/my-card-1/index.tsx","features/dashboard/my-card-1/components/FirstFreezeNoticeDialog.tsx",2.85
"features/dashboard/my-card-1/index.tsx","features/dashboard/my-card-1/components/ReloadFlow.tsx",3.33
"features/dashboard/my-card-1/index.tsx","features/dashboard/my-card-1/components/WithdrawFlow.tsx",3.18
"features/dashboard/my-card-v2/index.tsx","features/dashboard/my-card-1/components/WithdrawFlow.tsx",2.67
"features/dashboard/my-card-v2/index.tsx","features/dashboard/my-card-v2/ReloadModal.tsx",2.25
"features/dashboard/my-card-v2/index.tsx","features/dashboard/my-card-v2/useRecentTransactions.ts",2.25
"features/dashboard/my-wallet/ConnectedWalletDashboard.tsx","features/dashboard/my-wallet/ReceiveModal.tsx",3.02
"features/dashboard/my-wallet/ConnectedWalletDashboard.tsx","features/dashboard/my-wallet/SendModal.tsx",3.18
"features/dashboard/my-wallet/ConnectedWalletDashboard.tsx","features/dashboard/my-wallet/usePersistedIdOrder.ts",3.02
"features/dashboard/my-wallet/ConnectedWalletDashboard.tsx","features/dashboard/my-wallet/useTokenWhitelist.ts",3.02
"features/dashboard/my-wallet/ConnectedWalletDashboard.tsx","features/dashboard/my-wallet/useWalletActivity.ts",3.02
"features/dashboard/my-wallet/ConnectedWalletDashboard.tsx","features/dashboard/my-wallet/useWalletPortfolio.ts",3.18
"features/dashboard/my-wallet/SendModal.tsx","features/dashboard/my-wallet/useWalletPortfolio.ts",2.25
"features/dashboard/my-wallet/SolanaWalletCard.tsx","features/dashboard/my-wallet/useSolanaWalletPortfolio.ts",2.01
"features/dashboard/my-wallet/index.tsx","features/dashboard/my-wallet/ConnectedWalletDashboard.tsx",3.02
"features/dashboard/my-wallet/useJupiterSwapExecutor.ts","features/dashboard/my-wallet/useSolanaAddress.ts",2.01
"features/dashboard/my-wallet/useSolanaWalletPortfolio.ts","features/dashboard/my-wallet/useSolanaAddress.ts",2.25
"features/dashboard/overview/components/BarChartWidget/components/PerformanceBarChart.tsx","features/dashboard/overview/components/BarChartWidget/config/barChart.config.ts",2.47
"features/dashboard/overview/components/BarChartWidget/components/PerformanceSummary.tsx","features/dashboard/overview/components/BarChartWidget/config/barChart.config.ts",2.47
"features/dashboard/overview/components/BarChartWidget/components/index.ts","features/dashboard/overview/components/BarChartWidget/components/PerformanceBarChart.tsx",2.47
"features/dashboard/overview/components/BarChartWidget/components/index.ts","features/dashboard/overview/components/BarChartWidget/components/PerformanceSummary.tsx",2.47
"features/dashboard/overview/components/BarChartWidget/index.tsx","features/dashboard/overview/components/BarChartWidget/components/index.ts",3.33
"features/dashboard/overview/components/BarChartWidget/index.tsx","features/dashboard/overview/components/BarChartWidget/config/barChart.config.ts",3.33
"features/dashboard/overview/components/BarChartWidget/index.tsx","features/dashboard/overview/components/BarChartWidget/hooks/useThemeTextColor.ts",3.02
"features/dashboard/overview/components/BarChartWidget/index.tsx","features/dashboard/overview/shared/index.ts",3.87
"features/dashboard/overview/components/CardSection/AccountInfo/components/index.ts","features/dashboard/overview/components/CardSection/AccountInfo/components/AccountHeader.tsx",2.67
"features/dashboard/overview/components/CardSection/AccountInfo/components/index.ts","features/dashboard/overview/components/CardSection/AccountInfo/components/ActionButton.tsx",2.67
"features/dashboard/overview/components/CardSection/AccountInfo/components/index.ts","features/dashboard/overview/components/CardSection/AccountInfo/components/ActionButtons.tsx",2.67
"features/dashboard/overview/components/CardSection/AccountInfo/components/index.ts","features/dashboard/overview/components/CardSection/AccountInfo/components/BalanceDisplay.tsx",2.67
"features/dashboard/overview/components/CardSection/AccountInfo/hooks/index.ts","features/dashboard/overview/components/CardSection/AccountInfo/hooks/useAccountBalance.ts",2.01
"features/dashboard/overview/components/CardSection/AccountInfo/index.tsx","features/dashboard/overview/components/CardSection/AccountInfo/components/index.ts",3.02
"features/dashboard/overview/components/CardSection/AccountInfo/index.tsx","features/dashboard/overview/components/CardSection/AccountInfo/hooks/index.ts",2.47
"features/dashboard/overview/components/CardSection/CardStack/hooks/index.ts","features/dashboard/overview/components/CardSection/CardStack/hooks/useCardPositions.ts",2.25
"features/dashboard/overview/components/CardSection/CardStack/hooks/index.ts","features/dashboard/overview/components/CardSection/CardStack/hooks/useCardSwap.ts",2.47
"features/dashboard/overview/components/CardSection/CardStack/hooks/useCardSwap.ts","features/dashboard/overview/components/CardSection/CardStack/config/cardStack.config.ts",2.47
"features/dashboard/overview/components/CardSection/CardStack/index.tsx","features/dashboard/overview/components/CardSection/CardStack/config/cardStack.config.ts",2.67
"features/dashboard/overview/components/CardSection/CardStack/index.tsx","features/dashboard/overview/components/CardSection/CardStack/hooks/index.ts",2.67
"features/dashboard/overview/components/CardSection/index.tsx","features/dashboard/overview/components/CardSection/AccountInfo/index.tsx",3.33
"features/dashboard/overview/components/CardSection/index.tsx","features/dashboard/overview/components/CardSection/CardStack/config/cardStack.config.ts",3.33
"features/dashboard/overview/components/CardSection/index.tsx","features/dashboard/overview/components/CardSection/CardStack/index.tsx",3.33
"features/dashboard/overview/components/CardSection/index.tsx","features/dashboard/overview/components/CardSection/WithdrawModal.tsx",3.02
"features/dashboard/overview/components/SmartInvestPanel/components/FastTransferSection/components/index.ts","features/dashboard/overview/components/SmartInvestPanel/components/FastTransferSection/components/AvatarRow.tsx",2.47
"features/dashboard/overview/components/SmartInvestPanel/components/FastTransferSection/components/index.ts","features/dashboard/overview/components/SmartInvestPanel/components/FastTransferSection/components/TransferButton.tsx",2.47
"features/dashboard/overview/components/SmartInvestPanel/components/FastTransferSection/components/index.ts","features/dashboard/overview/components/SmartInvestPanel/components/FastTransferSection/components/TransferDetails/index.tsx",2.47
"features/dashboard/overview/components/SmartInvestPanel/components/FastTransferSection/index.tsx","features/dashboard/overview/components/SmartInvestPanel/components/FastTransferSection/components/AvatarRow.tsx",2.85
"features/dashboard/overview/components/SmartInvestPanel/components/FastTransferSection/index.tsx","features/dashboard/overview/components/SmartInvestPanel/components/FastTransferSection/components/TransferButton.tsx",2.85
"features/dashboard/overview/components/SmartInvestPanel/components/FastTransferSection/index.tsx","features/dashboard/overview/components/SmartInvestPanel/components/FastTransferSection/components/TransferDetails/index.tsx",2.85
"features/dashboard/overview/components/SmartInvestPanel/components/FastTransferSection/index.tsx","features/dashboard/overview/shared/index.ts",3.61
"features/dashboard/overview/components/SmartInvestPanel/components/StockSection/components/StockItem.tsx","features/dashboard/overview/components/SmartInvestPanel/components/BetModal.tsx",2.47
"features/dashboard/overview/components/SmartInvestPanel/components/StockSection/components/StockItem.tsx","features/dashboard/overview/components/SmartInvestPanel/config/smartInvest.config.tsx",3.02
"features/dashboard/overview/components/SmartInvestPanel/components/StockSection/components/StockList.tsx","features/dashboard/overview/components/SmartInvestPanel/components/StockSection/components/StockItem.tsx",2.85
"features/dashboard/overview/components/SmartInvestPanel/components/StockSection/components/StockList.tsx","features/dashboard/overview/components/SmartInvestPanel/config/smartInvest.config.tsx",2.85
"features/dashboard/overview/components/SmartInvestPanel/components/StockSection/components/index.ts","features/dashboard/overview/components/SmartInvestPanel/components/StockSection/components/CategoryTabs.tsx",2.47
"features/dashboard/overview/components/SmartInvestPanel/components/StockSection/components/index.ts","features/dashboard/overview/components/SmartInvestPanel/components/StockSection/components/StockItem.tsx",3.02
"features/dashboard/overview/components/SmartInvestPanel/components/StockSection/components/index.ts","features/dashboard/overview/components/SmartInvestPanel/components/StockSection/components/StockList.tsx",2.85
"features/dashboard/overview/components/SmartInvestPanel/components/StockSection/index.tsx","features/dashboard/overview/components/SmartInvestPanel/components/StockSection/components/index.ts",2.85
"features/dashboard/overview/components/SmartInvestPanel/components/StockSection/index.tsx","features/dashboard/overview/components/SmartInvestPanel/config/smartInvest.config.tsx",2.85
"features/dashboard/overview/components/SmartInvestPanel/hooks/usePolymarketData.ts","features/dashboard/overview/components/SmartInvestPanel/config/smartInvest.config.tsx",2.67
"features/dashboard/overview/components/SmartInvestPanel/index.tsx","features/dashboard/overview/components/SmartInvestPanel/components/FastTransferSection/index.tsx",3.61
"features/dashboard/overview/components/SmartInvestPanel/index.tsx","features/dashboard/overview/components/SmartInvestPanel/components/StockSection/index.tsx",3.33
"features/dashboard/overview/components/SmartInvestPanel/index.tsx","features/dashboard/overview/components/SmartInvestPanel/hooks/usePolymarketData.ts",3.18
"features/dashboard/overview/components/SmartInvestPanel/index.tsx","features/dashboard/overview/shared/index.ts",3.87
"features/dashboard/overview/components/StatisticsChart/components/StatisticsAreaChart.tsx","features/dashboard/overview/components/StatisticsChart/config/statistics.config.ts",2.25
"features/dashboard/overview/components/StatisticsChart/index.tsx","features/dashboard/overview/components/StatisticsChart/components/StatisticsAreaChart.tsx",3.18
"features/dashboard/overview/components/StatisticsChart/index.tsx","features/dashboard/overview/components/StatisticsChart/config/statistics.config.ts",3.18
"features/dashboard/overview/components/StatisticsChart/index.tsx","features/dashboard/overview/components/StatisticsChart/hooks/useThemeTextColor.ts",3.02
"features/dashboard/overview/components/StatisticsChart/index.tsx","features/dashboard/overview/shared/index.ts",3.87
"features/dashboard/overview/components/TransactionsPanel/components/TransactionGroup.tsx","features/dashboard/overview/components/TransactionsPanel/components/TransactionItem.tsx",2.25
"features/dashboard/overview/components/TransactionsPanel/components/TransactionGroup.tsx","features/dashboard/overview/components/TransactionsPanel/config/transactions.config.ts",2.47
"features/dashboard/overview/components/TransactionsPanel/index.tsx","features/dashboard/overview/components/TransactionsPanel/components/TransactionGroup.tsx",3.33
"features/dashboard/overview/components/TransactionsPanel/index.tsx","features/dashboard/overview/components/TransactionsPanel/config/transactions.config.ts",3.18
"features/dashboard/overview/components/TransactionsPanel/index.tsx","features/dashboard/overview/layouts/DashboardGrid/context/DashboardDateRangeContext.tsx",3.33
"features/dashboard/overview/components/TransactionsPanel/index.tsx","features/dashboard/overview/shared/index.ts",3.87
"features/dashboard/overview/components/WorldMapWidget/components/TransferDetails.tsx","features/dashboard/overview/components/WorldMapWidget/config/worldMap.config.ts",2.47
"features/dashboard/overview/components/WorldMapWidget/components/TransferMarkers.tsx","features/dashboard/overview/components/WorldMapWidget/config/worldMap.config.ts",2.47
"features/dashboard/overview/components/WorldMapWidget/components/index.ts","features/dashboard/overview/components/WorldMapWidget/components/TransferDetails.tsx",2.47
"features/dashboard/overview/components/WorldMapWidget/components/index.ts","features/dashboard/overview/components/WorldMapWidget/components/TransferMarkers.tsx",2.47
"features/dashboard/overview/components/WorldMapWidget/index.tsx","features/dashboard/overview/components/WorldMapWidget/components/index.ts",3.02
"features/dashboard/overview/components/WorldMapWidget/index.tsx","features/dashboard/overview/components/WorldMapWidget/config/worldMap.config.ts",3.02
"features/dashboard/overview/components/WorldMapWidget/index.tsx","features/dashboard/overview/shared/index.ts",3.61
"features/dashboard/overview/index.ts","features/dashboard/overview/components/BarChartWidget/index.tsx",3.87
"features/dashboard/overview/index.ts","features/dashboard/overview/components/CardSection/index.tsx",3.87
"features/dashboard/overview/index.ts","features/dashboard/overview/components/SmartInvestPanel/index.tsx",3.87
"features/dashboard/overview/index.ts","features/dashboard/overview/components/StatisticsChart/index.tsx",3.87
"features/dashboard/overview/index.ts","features/dashboard/overview/components/TransactionsPanel/index.tsx",3.87
"features/dashboard/overview/index.ts","features/dashboard/overview/components/WorldMapWidget/index.tsx",3.61
"features/dashboard/overview/index.ts","features/dashboard/overview/layouts/DashboardGrid/index.tsx",3.61
"features/dashboard/overview/layouts/DashboardGrid/components/DashboardHeader/components/QuickActions.tsx","features/dashboard/overview/layouts/DashboardGrid/components/DashboardHeader/components/QuickTransferSheet/index.tsx",2.47
"features/dashboard/overview/layouts/DashboardGrid/components/DashboardHeader/components/QuickTransferSheet/components/CurrencySelector.tsx","features/dashboard/overview/layouts/DashboardGrid/components/DashboardHeader/components/QuickTransferSheet/config/index.ts",3.02
"features/dashboard/overview/layouts/DashboardGrid/components/DashboardHeader/components/QuickTransferSheet/components/FormFields.tsx","features/dashboard/overview/layouts/DashboardGrid/components/DashboardHeader/components/QuickTransferSheet/config/index.ts",3.02
"features/dashboard/overview/layouts/DashboardGrid/components/DashboardHeader/components/QuickTransferSheet/components/index.ts","features/dashboard/overview/layouts/DashboardGrid/components/DashboardHeader/components/QuickTransferSheet/components/CurrencySelector.tsx",3.33
"features/dashboard/overview/layouts/DashboardGrid/components/DashboardHeader/components/QuickTransferSheet/components/index.ts","features/dashboard/overview/layouts/DashboardGrid/components/DashboardHeader/components/QuickTransferSheet/components/DatePicker.tsx",3.18
"features/dashboard/overview/layouts/DashboardGrid/components/DashboardHeader/components/QuickTransferSheet/components/index.ts","features/dashboard/overview/layouts/DashboardGrid/components/DashboardHeader/components/QuickTransferSheet/components/DestinationToggle.tsx",3.18
"features/dashboard/overview/layouts/DashboardGrid/components/DashboardHeader/components/QuickTransferSheet/components/index.ts","features/dashboard/overview/layouts/DashboardGrid/components/DashboardHeader/components/QuickTransferSheet/components/FormFields.tsx",3.33
"features/dashboard/overview/layouts/DashboardGrid/components/DashboardHeader/components/QuickTransferSheet/components/index.ts","features/dashboard/overview/layouts/DashboardGrid/components/DashboardHeader/components/QuickTransferSheet/components/QuickTransferSheetHeader.tsx",3.18
"features/dashboard/overview/layouts/DashboardGrid/components/DashboardHeader/components/QuickTransferSheet/components/index.ts","features/dashboard/overview/layouts/DashboardGrid/components/DashboardHeader/components/QuickTransferSheet/components/RecipientSearch.tsx",3.18
"features/dashboard/overview/layouts/DashboardGrid/components/DashboardHeader/components/QuickTransferSheet/components/index.ts","features/dashboard/overview/layouts/DashboardGrid/components/DashboardHeader/components/QuickTransferSheet/components/SheetFooter.tsx",3.18
"features/dashboard/overview/layouts/DashboardGrid/components/DashboardHeader/components/QuickTransferSheet/config/index.ts","features/dashboard/overview/layouts/DashboardGrid/components/DashboardHeader/components/QuickTransferSheet/config/constants.ts",2.85
"features/dashboard/overview/layouts/DashboardGrid/components/DashboardHeader/components/QuickTransferSheet/config/index.ts","features/dashboard/overview/layouts/DashboardGrid/components/DashboardHeader/components/QuickTransferSheet/config/schema.ts",2.85
"features/dashboard/overview/layouts/DashboardGrid/components/DashboardHeader/components/QuickTransferSheet/hooks/index.ts","features/dashboard/overview/layouts/DashboardGrid/components/DashboardHeader/components/QuickTransferSheet/hooks/useQuickTransferForm.ts",2.47
"features/dashboard/overview/layouts/DashboardGrid/components/DashboardHeader/components/QuickTransferSheet/hooks/index.ts","features/dashboard/overview/layouts/DashboardGrid/components/DashboardHeader/components/QuickTransferSheet/hooks/useTransferSubmit.ts",2.47
"features/dashboard/overview/layouts/DashboardGrid/components/DashboardHeader/components/QuickTransferSheet/hooks/useQuickTransferForm.ts","features/dashboard/overview/layouts/DashboardGrid/components/DashboardHeader/components/QuickTransferSheet/config/index.ts",3.02
"features/dashboard/overview/layouts/DashboardGrid/components/DashboardHeader/components/QuickTransferSheet/hooks/useTransferSubmit.ts","features/dashboard/overview/layouts/DashboardGrid/components/DashboardHeader/components/QuickTransferSheet/config/index.ts",3.02
"features/dashboard/overview/layouts/DashboardGrid/components/DashboardHeader/components/QuickTransferSheet/index.tsx","features/dashboard/overview/layouts/DashboardGrid/components/DashboardHeader/components/QuickTransferSheet/components/index.ts",3.61
"features/dashboard/overview/layouts/DashboardGrid/components/DashboardHeader/components/QuickTransferSheet/index.tsx","features/dashboard/overview/layouts/DashboardGrid/components/DashboardHeader/components/QuickTransferSheet/hooks/index.ts",2.85
"features/dashboard/overview/layouts/DashboardGrid/components/DashboardHeader/index.tsx","features/dashboard/overview/layouts/DashboardGrid/context/DashboardDateRangeContext.tsx",2.47
"features/dashboard/overview/layouts/DashboardGrid/components/WidgetGrid.tsx","features/dashboard/overview/components/BarChartWidget/index.tsx",3.87
"features/dashboard/overview/layouts/DashboardGrid/components/WidgetGrid.tsx","features/dashboard/overview/components/CardSection/index.tsx",3.87
"features/dashboard/overview/layouts/DashboardGrid/components/WidgetGrid.tsx","features/dashboard/overview/components/SmartInvestPanel/index.tsx",3.87
"features/dashboard/overview/layouts/DashboardGrid/components/WidgetGrid.tsx","features/dashboard/overview/components/StatisticsChart/index.tsx",3.87
"features/dashboard/overview/layouts/DashboardGrid/components/WidgetGrid.tsx","features/dashboard/overview/components/TransactionsPanel/index.tsx",3.87
"features/dashboard/overview/layouts/DashboardGrid/components/WidgetGrid.tsx","features/dashboard/overview/layouts/DashboardGrid/config/animations.ts",3.02
"features/dashboard/overview/layouts/DashboardGrid/index.tsx","features/dashboard/overview/layouts/DashboardGrid/components/DashboardHeader/index.tsx",2.85
"features/dashboard/overview/layouts/DashboardGrid/index.tsx","features/dashboard/overview/layouts/DashboardGrid/components/WidgetGrid.tsx",3.61
"features/dashboard/overview/layouts/DashboardGrid/index.tsx","features/dashboard/overview/layouts/DashboardGrid/context/DashboardDateRangeContext.tsx",3.02
"features/dashboard/overview/shared/index.ts","features/dashboard/overview/shared/WidgetCard.tsx",3.02
"features/dashboard/settings/components/NotificationsContent/index.tsx","features/dashboard/settings/components/SettingRow/index.tsx",3.18
"features/dashboard/settings/components/PlanBillingContent/index.tsx","features/dashboard/settings/components/SettingRow/index.tsx",3.02
"features/dashboard/settings/components/PreferencesContent/hooks/index.ts","features/dashboard/settings/components/PreferencesContent/hooks/usePreferencesState.ts",2.01
"features/dashboard/settings/components/PreferencesContent/index.tsx","features/dashboard/settings/components/PreferencesContent/PayoutDestinationSetting.tsx",2.67
"features/dashboard/settings/components/PreferencesContent/index.tsx","features/dashboard/settings/components/PreferencesContent/config.ts",2.67
"features/dashboard/settings/components/PreferencesContent/index.tsx","features/dashboard/settings/components/PreferencesContent/hooks/index.ts",2.85
"features/dashboard/settings/components/PreferencesContent/index.tsx","features/dashboard/settings/components/SettingRow/index.tsx",3.61
"features/dashboard/settings/components/PrivacyDataContent/index.tsx","features/dashboard/settings/components/SettingRow/index.tsx",3.18
"features/dashboard/settings/components/ProfileContent/components/ProfileFormFields.tsx","features/dashboard/settings/components/ProfileContent/config.ts",2.47
"features/dashboard/settings/components/ProfileContent/components/ProfileHeader.tsx","features/dashboard/settings/components/ProfileContent/config.ts",2.47
"features/dashboard/settings/components/ProfileContent/components/index.ts","features/dashboard/settings/components/ProfileContent/components/ProfileFormFields.tsx",2.25
"features/dashboard/settings/components/ProfileContent/components/index.ts","features/dashboard/settings/components/ProfileContent/components/ProfileHeader.tsx",2.25
"features/dashboard/settings/components/ProfileContent/hooks/index.ts","features/dashboard/settings/components/ProfileContent/hooks/useProfileState.ts",2.01
"features/dashboard/settings/components/ProfileContent/hooks/useProfileState.ts","features/dashboard/settings/components/ProfileContent/config.ts",2.47
"features/dashboard/settings/components/ProfileContent/index.tsx","features/dashboard/settings/components/SettingRow/index.tsx",3.18
"features/dashboard/settings/components/SecurityContent/hooks/index.ts","features/dashboard/settings/components/SecurityContent/hooks/useSecurityState.ts",1.71
"features/dashboard/settings/components/SecurityContent/index.tsx","features/dashboard/settings/components/SettingRow/index.tsx",3.18
"features/dashboard/settings/components/SubscriptionContent/index.tsx","features/dashboard/settings/components/SubscriptionContent/components/UpgradeModal.tsx",2.01
"features/dashboard/settings/components/index.ts","features/dashboard/settings/components/CardsContent/index.tsx",3.99
"features/dashboard/settings/components/index.ts","features/dashboard/settings/components/NotificationsContent/index.tsx",4.11
"features/dashboard/settings/components/index.ts","features/dashboard/settings/components/PreferencesContent/index.tsx",4.44
"features/dashboard/settings/components/index.ts","features/dashboard/settings/components/PrivacyDataContent/index.tsx",4.11
"features/dashboard/settings/components/index.ts","features/dashboard/settings/components/ProfileContent/index.tsx",4.11
"features/dashboard/settings/components/index.ts","features/dashboard/settings/components/SecurityContent/index.tsx",4.11
"features/dashboard/settings/components/index.ts","features/dashboard/settings/components/SettingRow/index.tsx",4.65
"features/dashboard/settings/components/index.ts","features/dashboard/settings/components/SettingsNavigation/index.tsx",3.99
"features/dashboard/settings/components/index.ts","features/dashboard/settings/components/SubscriptionContent/index.tsx",4.11
"features/dashboard/settings/components/index.ts","features/dashboard/settings/components/WalletsContent/index.tsx",3.99
"features/dashboard/settings/index.ts","features/dashboard/settings/components/index.ts",4.22
"features/dashboard/settings/index.ts","features/dashboard/settings/layouts/index.ts",2.47
"features/dashboard/settings/layouts/SettingsLayout/components/SettingsContent.tsx","features/dashboard/settings/components/index.ts",4.11
"features/dashboard/settings/layouts/SettingsLayout/components/index.ts","features/dashboard/settings/layouts/SettingsLayout/components/SettingsContent.tsx",2.25
"features/dashboard/settings/layouts/SettingsLayout/hooks/index.ts","features/dashboard/settings/layouts/SettingsLayout/hooks/useSettingsState.ts",2.25
"features/dashboard/settings/layouts/SettingsLayout/hooks/useSettingsState.ts","features/dashboard/settings/components/index.ts",4.11
"features/dashboard/settings/layouts/SettingsLayout/index.tsx","features/dashboard/settings/components/index.ts",4.33
"features/dashboard/settings/layouts/SettingsLayout/index.tsx","features/dashboard/settings/layouts/SettingsLayout/components/index.ts",2.67
"features/dashboard/settings/layouts/SettingsLayout/index.tsx","features/dashboard/settings/layouts/SettingsLayout/hooks/index.ts",2.67
"features/dashboard/settings/layouts/index.ts","features/dashboard/settings/layouts/SettingsLayout/index.tsx",2.67
"features/dashboard/transactions/TransactionsTable.tsx","features/dashboard/transactions/components/TransactionsTable/index.ts",2.67
"features/dashboard/transactions/TransactionsTable.tsx","features/dashboard/transactions/components/TransactionsTable/types.ts",3.33
"features/dashboard/transactions/components/TransactionActions.tsx","features/dashboard/transactions/components/AddTransactionDialog.tsx",3.18
"features/dashboard/transactions/components/TransactionActions.tsx","features/dashboard/transactions/components/CardsSelector.tsx",3.18
"features/dashboard/transactions/components/TransactionActions.tsx","features/dashboard/transactions/components/ExportTransactionsButton.tsx",3.18
"features/dashboard/transactions/components/TransactionActions.tsx","features/dashboard/transactions/components/TransactionFilterDialog.tsx",3.18
"features/dashboard/transactions/components/TransactionActions.tsx","features/dashboard/transactions/components/hooks/useTransactionActions.ts",3.02
"features/dashboard/transactions/components/TransactionActions.tsx","features/dashboard/transactions/shared/index.ts",3.99
"features/dashboard/transactions/components/TransactionsTable/TransactionsTable.tsx","features/dashboard/transactions/components/TransactionsTable/components/index.ts",3.18
"features/dashboard/transactions/components/TransactionsTable/TransactionsTable.tsx","features/dashboard/transactions/components/TransactionsTable/hooks/index.ts",2.67
"features/dashboard/transactions/components/TransactionsTable/TransactionsTable.tsx","features/dashboard/transactions/components/TransactionsTable/types.ts",3.61
"features/dashboard/transactions/components/TransactionsTable/components/DataTable/DesktopTable.tsx","features/dashboard/transactions/components/TransactionsTable/types.ts",3.33
"features/dashboard/transactions/components/TransactionsTable/components/DataTable/index.tsx","features/dashboard/transactions/components/TransactionsTable/components/DataTable/DesktopTable.tsx",2.47
"features/dashboard/transactions/components/TransactionsTable/components/DataTable/index.tsx","features/dashboard/transactions/components/TransactionsTable/types.ts",3.48
"features/dashboard/transactions/components/TransactionsTable/components/SearchAndFilters/index.tsx","features/dashboard/transactions/components/TransactionsTable/types.ts",3.33
"features/dashboard/transactions/components/TransactionsTable/components/TablePagination/index.tsx","features/dashboard/transactions/components/TransactionsTable/types.ts",3.33
"features/dashboard/transactions/components/TransactionsTable/components/index.ts","features/dashboard/transactions/components/TransactionsTable/components/DataTable/index.tsx",3.02
"features/dashboard/transactions/components/TransactionsTable/components/index.ts","features/dashboard/transactions/components/TransactionsTable/components/LoadingState/index.tsx",2.67
"features/dashboard/transactions/components/TransactionsTable/components/index.ts","features/dashboard/transactions/components/TransactionsTable/components/SearchAndFilters/index.tsx",2.85
"features/dashboard/transactions/components/TransactionsTable/components/index.ts","features/dashboard/transactions/components/TransactionsTable/components/TablePagination/index.tsx",2.85
"features/dashboard/transactions/components/TransactionsTable/hooks/index.ts","features/dashboard/transactions/components/TransactionsTable/hooks/useTableColumns.tsx",2.47
"features/dashboard/transactions/components/TransactionsTable/hooks/useTableColumns.tsx","features/dashboard/transactions/components/TransactionsTable/types.ts",3.48
"features/dashboard/transactions/components/TransactionsTable/hooks/useTableColumns.tsx","features/dashboard/transactions/components/TransactionsTable/utils/index.ts",2.47
"features/dashboard/transactions/components/TransactionsTable/index.ts","features/dashboard/transactions/components/TransactionsTable/TransactionsTable.tsx",3.02
"features/dashboard/transactions/components/TransactionsTable/index.ts","features/dashboard/transactions/components/TransactionsTable/types.ts",3.61
"features/dashboard/transactions/components/TransactionsTable/utils/index.ts","features/dashboard/transactions/components/TransactionsTable/utils/formatters.ts",2.25
"features/dashboard/transactions/components/index.ts","features/dashboard/transactions/components/AddTransactionDialog.tsx",3.61
"features/dashboard/transactions/components/index.ts","features/dashboard/transactions/components/CardsSelector.tsx",3.61
"features/dashboard/transactions/components/index.ts","features/dashboard/transactions/components/ExportTransactionsButton.tsx",3.61
"features/dashboard/transactions/components/index.ts","features/dashboard/transactions/components/SimpleDateRangeDialog.tsx",3.48
"features/dashboard/transactions/components/index.ts","features/dashboard/transactions/components/TransactionActions.tsx",4.22
"features/dashboard/transactions/components/index.ts","features/dashboard/transactions/components/TransactionDateRangeDialog.tsx",3.48
"features/dashboard/transactions/components/index.ts","features/dashboard/transactions/components/TransactionFilterDialog.tsx",3.61
"features/dashboard/transactions/components/index.ts","features/dashboard/transactions/components/TransactionsTable/index.ts",3.87
"features/dashboard/transactions/index.tsx","features/dashboard/transactions/components/index.ts",3.87
"features/dashboard/transactions/index.tsx","features/dashboard/transactions/layouts/index.ts",2.67
"features/dashboard/transactions/index.tsx","features/dashboard/transactions/shared/index.ts",3.61
"features/dashboard/transactions/layouts/TransactionsGrid/components/TransactionsContent.tsx","features/dashboard/transactions/components/index.ts",3.74
"features/dashboard/transactions/layouts/TransactionsGrid/components/TransactionsContent.tsx","features/dashboard/transactions/shared/index.ts",3.48
"features/dashboard/transactions/layouts/TransactionsGrid/components/index.ts","features/dashboard/transactions/layouts/TransactionsGrid/components/TransactionsContent.tsx",2.67
"features/dashboard/transactions/layouts/TransactionsGrid/components/index.ts","features/dashboard/transactions/layouts/TransactionsGrid/components/TransactionsStats.tsx",2.25
"features/dashboard/transactions/layouts/TransactionsGrid/config/index.ts","features/dashboard/transactions/layouts/TransactionsGrid/config/transactions.config.ts",2.01
"features/dashboard/transactions/layouts/TransactionsGrid/config/transactions.config.ts","features/dashboard/transactions/shared/index.ts",3.33
"features/dashboard/transactions/layouts/TransactionsGrid/hooks/index.ts","features/dashboard/transactions/layouts/TransactionsGrid/hooks/useTransactionsState.ts",2.47
"features/dashboard/transactions/layouts/TransactionsGrid/hooks/index.ts","features/dashboard/transactions/layouts/TransactionsGrid/hooks/useTransactionsStats.tsx",2.67
"features/dashboard/transactions/layouts/TransactionsGrid/hooks/useTransactionsState.ts","features/dashboard/transactions/shared/index.ts",3.33
"features/dashboard/transactions/layouts/TransactionsGrid/hooks/useTransactionsStats.tsx","features/dashboard/transactions/components/TransactionsTable/utils/formatters.ts",2.47
"features/dashboard/transactions/layouts/TransactionsGrid/hooks/useTransactionsStats.tsx","features/dashboard/transactions/shared/index.ts",3.48
"features/dashboard/transactions/layouts/TransactionsGrid/index.tsx","features/dashboard/transactions/layouts/TransactionsGrid/components/index.ts",2.85
"features/dashboard/transactions/layouts/TransactionsGrid/index.tsx","features/dashboard/transactions/layouts/TransactionsGrid/hooks/index.ts",2.85
"features/dashboard/transactions/layouts/TransactionsGrid/index.tsx","features/dashboard/transactions/shared/index.ts",3.61
"features/dashboard/transactions/layouts/index.ts","features/dashboard/transactions/layouts/TransactionsGrid/index.tsx",2.67
"features/dashboard/transactions/shared/index.ts","features/dashboard/transactions/shared/types.ts",3.18
"features/dashboard/ui-component/UIComponentContent.tsx","features/dashboard/ui-component/components/demos/index.ts",5.04
"features/dashboard/ui-component/components/demos/AvatarDemo.tsx","features/dashboard/ui-component/components/DemoCard.tsx",4.94
"features/dashboard/ui-component/components/demos/BadgeDemo.tsx","features/dashboard/ui-component/components/DemoCard.tsx",4.94
"features/dashboard/ui-component/components/demos/ButtonDemo.tsx","features/dashboard/ui-component/components/DemoCard.tsx",4.94
"features/dashboard/ui-component/components/demos/CalendarDemo.tsx","features/dashboard/ui-component/components/DemoCard.tsx",4.94
"features/dashboard/ui-component/components/demos/CardDemo.tsx","features/dashboard/ui-component/components/DemoCard.tsx",4.94
"features/dashboard/ui-component/components/demos/CheckboxDemo.tsx","features/dashboard/ui-component/components/DemoCard.tsx",4.94
"features/dashboard/ui-component/components/demos/CountrySelectDemo.tsx","features/dashboard/ui-component/components/DemoCard.tsx",4.94
"features/dashboard/ui-component/components/demos/DatePickerDemo.tsx","features/dashboard/ui-component/components/DemoCard.tsx",4.94
"features/dashboard/ui-component/components/demos/DialogDemo.tsx","features/dashboard/ui-component/components/DemoCard.tsx",4.94
"features/dashboard/ui-component/components/demos/DraggableStatCardsDemo.tsx","features/dashboard/ui-component/components/DemoCard.tsx",4.94
"features/dashboard/ui-component/components/demos/DropdownDemo.tsx","features/dashboard/ui-component/components/DemoCard.tsx",4.94
"features/dashboard/ui-component/components/demos/IconButtonDemo.tsx","features/dashboard/ui-component/components/DemoCard.tsx",4.94
"features/dashboard/ui-component/components/demos/InputDemo.tsx","features/dashboard/ui-component/components/DemoCard.tsx",4.94
"features/dashboard/ui-component/components/demos/PaginationDemo.tsx","features/dashboard/ui-component/components/DemoCard.tsx",4.94
"features/dashboard/ui-component/components/demos/PhoneInputDemo.tsx","features/dashboard/ui-component/components/DemoCard.tsx",4.94
"features/dashboard/ui-component/components/demos/PopoverDemo.tsx","features/dashboard/ui-component/components/DemoCard.tsx",4.94
"features/dashboard/ui-component/components/demos/SelectDemo.tsx","features/dashboard/ui-component/components/DemoCard.tsx",4.94
"features/dashboard/ui-component/components/demos/SheetDemo.tsx","features/dashboard/ui-component/components/DemoCard.tsx",4.94
"features/dashboard/ui-component/components/demos/SwitchDemo.tsx","features/dashboard/ui-component/components/DemoCard.tsx",4.94
"features/dashboard/ui-component/components/demos/TableDemo.tsx","features/dashboard/ui-component/components/DemoCard.tsx",4.94
"features/dashboard/ui-component/components/demos/TabsDemo.tsx","features/dashboard/ui-component/components/DemoCard.tsx",4.94
"features/dashboard/ui-component/components/demos/TooltipDemo.tsx","features/dashboard/ui-component/components/DemoCard.tsx",4.94
"features/dashboard/ui-component/components/demos/index.ts","features/dashboard/ui-component/components/demos/AvatarDemo.tsx",5.04
"features/dashboard/ui-component/components/demos/index.ts","features/dashboard/ui-component/components/demos/BadgeDemo.tsx",5.04
"features/dashboard/ui-component/components/demos/index.ts","features/dashboard/ui-component/components/demos/ButtonDemo.tsx",5.04
"features/dashboard/ui-component/components/demos/index.ts","features/dashboard/ui-component/components/demos/CalendarDemo.tsx",5.04
"features/dashboard/ui-component/components/demos/index.ts","features/dashboard/ui-component/components/demos/CardDemo.tsx",5.04
"features/dashboard/ui-component/components/demos/index.ts","features/dashboard/ui-component/components/demos/CheckboxDemo.tsx",5.04
"features/dashboard/ui-component/components/demos/index.ts","features/dashboard/ui-component/components/demos/CountrySelectDemo.tsx",5.04
"features/dashboard/ui-component/components/demos/index.ts","features/dashboard/ui-component/components/demos/DatePickerDemo.tsx",5.04
"features/dashboard/ui-component/components/demos/index.ts","features/dashboard/ui-component/components/demos/DialogDemo.tsx",5.04
"features/dashboard/ui-component/components/demos/index.ts","features/dashboard/ui-component/components/demos/DraggableStatCardsDemo.tsx",5.04
"features/dashboard/ui-component/components/demos/index.ts","features/dashboard/ui-component/components/demos/DropdownDemo.tsx",5.04
"features/dashboard/ui-component/components/demos/index.ts","features/dashboard/ui-component/components/demos/IconButtonDemo.tsx",5.04
"features/dashboard/ui-component/components/demos/index.ts","features/dashboard/ui-component/components/demos/InputDemo.tsx",5.04
"features/dashboard/ui-component/components/demos/index.ts","features/dashboard/ui-component/components/demos/PaginationDemo.tsx",5.04
"features/dashboard/ui-component/components/demos/index.ts","features/dashboard/ui-component/components/demos/PhoneInputDemo.tsx",5.04
"features/dashboard/ui-component/components/demos/index.ts","features/dashboard/ui-component/components/demos/PopoverDemo.tsx",5.04
"features/dashboard/ui-component/components/demos/index.ts","features/dashboard/ui-component/components/demos/SelectDemo.tsx",5.04
"features/dashboard/ui-component/components/demos/index.ts","features/dashboard/ui-component/components/demos/SheetDemo.tsx",5.04
"features/dashboard/ui-component/components/demos/index.ts","features/dashboard/ui-component/components/demos/SwitchDemo.tsx",5.04
"features/dashboard/ui-component/components/demos/index.ts","features/dashboard/ui-component/components/demos/TableDemo.tsx",5.04
"features/dashboard/ui-component/components/demos/index.ts","features/dashboard/ui-component/components/demos/TabsDemo.tsx",5.04
"features/dashboard/ui-component/components/demos/index.ts","features/dashboard/ui-component/components/demos/TooltipDemo.tsx",5.04
"features/dashboard/ui-component/index.ts","features/dashboard/ui-component/UIComponentContent.tsx",2.25
"features/dashboard/ui-component/index.ts","features/dashboard/ui-component/UIComponentHeader.tsx",2.01
"features/index.ts","features/auth/index.ts",2.85
"features/index.ts","features/dashboard/index.ts",3.99
"gas.ts","config.ts",4.75
"gas.ts","heimdall/index.ts",5.04
"gas.ts","native-price.ts",3.18
"growth-agent/skills/approval-pipeline.ts","growth-agent/agent-identity.ts",4.11
"growth-agent/skills/approval-pipeline.ts","growth-agent/skills/content.ts",3.61
"growth-agent/skills/approval-pipeline.ts","growth-agent/skills/moltbook.ts",3.61
"growth-agent/skills/approval-pipeline.ts","growth-agent/skills/script-engine.ts",3.87
"growth-agent/skills/approval-pipeline.ts","growth-agent/skills/telegram.ts",4.33
"growth-agent/skills/approval-pipeline.ts","growth-agent/skills/twitter.ts",3.48
"growth-agent/skills/daily-log.ts","growth-agent/agent-identity.ts",4.44
"growth-agent/skills/daily-log.ts","growth-agent/skills/approval-pipeline.ts",4.65
"growth-agent/skills/daily-log.ts","growth-agent/skills/content.ts",3.99
"growth-agent/skills/daily-log.ts","growth-agent/skills/knowledge-engine.ts",3.87
"growth-agent/skills/daily-log.ts","growth-agent/skills/moltbook.ts",3.99
"growth-agent/skills/daily-log.ts","growth-agent/skills/quality-gate.ts",4.11
"growth-agent/skills/daily-log.ts","growth-agent/skills/script-engine.ts",4.22
"growth-agent/skills/daily-log.ts","growth-agent/skills/telegram.ts",4.65
"growth-agent/skills/daily-log.ts","growth-agent/skills/thought-engine.ts",3.99
"growth-agent/skills/daily-log.ts","growth-agent/skills/tiktok.ts",3.99
"growth-agent/skills/daily-log.ts","growth-agent/skills/twitter.ts",3.87
"growth-agent/skills/engagement-fetcher.ts","growth-agent/skills/moltbook.ts",2.47
"growth-agent/skills/knowledge-engine.ts","growth-agent/agent-identity.ts",3.18
"growth-agent/skills/market-watcher.ts","growth-agent/skills/approval-pipeline.ts",3.61
"growth-agent/skills/market-watcher.ts","growth-agent/skills/thought-engine.ts",2.67
"growth-agent/skills/quality-gate.ts","growth-agent/agent-identity.ts",3.48
"growth-agent/skills/quality-gate.ts","growth-agent/skills/content.ts",2.85
"growth-agent/skills/quality-gate.ts","growth-agent/skills/script-engine.ts",3.18
"growth-agent/skills/script-engine.ts","growth-agent/agent-identity.ts",3.61
"growth-agent/skills/thought-engine.ts","growth-agent/agent-identity.ts",3.33
"growth-agent/skills/tiktok.ts","growth-agent/agent-identity.ts",3.33
"growth-agent/skills/tiktok.ts","growth-agent/skills/script-engine.ts",3.02
"growth-agent/skills/twitter-watcher.ts","growth-agent/skills/approval-pipeline.ts",3.48
"heimdall/compound-detector.ts","growth-agent/skills/telegram.ts",3.74
"heimdall/compound-detector.ts","heimdall/core.ts",4.22
"heimdall/core.ts","db.ts",4.65
"heimdall/critical-finding.ts","growth-agent/skills/telegram.ts",3.33
"heimdall/egress.ts","heimdall/core.ts",4.11
"heimdall/fs-guard.ts","heimdall/core.ts",4.11
"heimdall/fs-guard.ts","heimdall/mass-write-counter.ts",2.67
"heimdall/heim-105b-scanner.ts","heimdall/core.ts",3.87
"heimdall/heim-202-scanner.ts","heimdall/core.ts",3.87
"heimdall/index.ts","heimdall/compound-detector.ts",5.04
"heimdall/index.ts","heimdall/core.ts",5.81
"heimdall/index.ts","heimdall/egress.ts",4.94
"heimdall/index.ts","heimdall/fs-guard.ts",4.94
"heimdall/index.ts","heimdall/log-scanner.ts",4.94
"heimdall/index.ts","heimdall/mass-write-counter.ts",4.94
"heimdall/index.ts","heimdall/merkle-manifest.ts",4.85
"heimdall/index.ts","heimdall/reasoning-detectors.ts",4.85
"heimdall/index.ts","heimdall/tx-cap.ts",4.85
"heimdall/index.ts","heimdall/watchdog.ts",5.22
"heimdall/log-scanner.ts","heimdall/core.ts",4.11
"heimdall/mass-write-counter.ts","heimdall/core.ts",4.11
"heimdall/merkle-manifest.ts","heimdall/core.ts",3.99
"heimdall/reasoning-detectors.ts","heimdall/core.ts",3.99
"heimdall/tx-cap.ts","heimdall/core.ts",3.99
"heimdall/watchdog.ts","growth-agent/skills/telegram.ts",3.99
"heimdall/watchdog.ts","heimdall/core.ts",4.44
"heimdall/watchdog.ts","heimdall/egress.ts",3.18
"heimdall/watchdog.ts","heimdall/log-scanner.ts",3.18
"hl-routes.ts","heimdall/index.ts",4.94
"hl-routes.ts","hl-vault-client.ts",2.25
"hooks/index.ts","hooks/useChartDownload.ts",2.01
"hooks/index.ts","hooks/useOnlineStatus.ts",2.01
"huginn/index.ts","agent-bus/index.ts",3.74
"huginn/index.ts","budgets.ts",3.61
"huginn/index.ts","growth-agent/skills/telegram.ts",4.22
"huginn/index.ts","heimdall/index.ts",5.39
"huginn/index.ts","reputation.ts",3.61
"hype-bridge.ts","config.ts",4.75
"hype-bridge.ts","heimdall/index.ts",5.04
"hype-bridge.ts","native-price.ts",3.18
"i18n/ProgressLink.tsx","i18n/routing.ts",2.85
"i18n/navigation.ts","i18n/ProgressLink.tsx",2.25
"i18n/navigation.ts","i18n/routing.ts",2.85
"i18n/request.ts","i18n/routing.ts",2.67
"index.ts","admin-console.ts",6.48
"index.ts","agent-gas-sync.ts",6.12
"index.ts","bridge.ts",6.62
"index.ts","budgets.ts",6.19
"index.ts","config.ts",7.15
"index.ts","db.ts",6.48
"index.ts","error-reporter.ts",6.48
"index.ts","execution-dispatch.ts",6.69
"index.ts","gas.ts",6.19
"index.ts","growth-agent/skills/daily-log.ts",6.76
"index.ts","growth-agent/skills/engagement-fetcher.ts",6.04
"index.ts","growth-agent/skills/market-watcher.ts",6.12
"index.ts","growth-agent/skills/twitter-watcher.ts",6.04
"index.ts","heimdall/compound-detector.ts",6.19
"index.ts","heimdall/index.ts",7.34
"index.ts","heimdall/watchdog.ts",6.34
"index.ts","hl-routes.ts",6.12
"index.ts","huginn/index.ts",6.48
"index.ts","hype-bridge.ts",6.19
"index.ts","issuer-mapping.ts",6.04
"index.ts","issuer-sync.ts",6.34
"index.ts","issuers.ts",6.48
"index.ts","market-feeds.ts",6.19
"index.ts","monitor.ts",6.76
"index.ts","nuro-routes.ts",7.40
"index.ts","ops-alerts.ts",6.12
"index.ts","reputation.ts",6.19
"index.ts","sandbox/orchestrator.ts",6.19
"index.ts","scanners/cctp-doc-scanner.ts",6.04
"index.ts","scanners/external-doc-monitor.ts",6.26
"index.ts","scanners/lz-doc-scanner.ts",6.04
"index.ts","solana-bridge.ts",6.19
"index.ts","types.ts",6.04
"index.ts","wallet-portfolio-routes.ts",5.96
"index.ts","webhook-verify.ts",6.04
"issuer-sync.ts","error-reporter.ts",3.87
"issuer-sync.ts","issuer-mapping.ts",3.02
"issuer-sync.ts","issuers.ts",3.87
"issuers.ts","config.ts",5.13
"issuers.ts","types.ts",3.33
"jupiter-client.ts","db.ts",3.61
"layouts/Header/components/Breadcrumbs.tsx","layouts/Sidebar/config/navigation.config.tsx",2.85
"layouts/Header/components/NotificationsDropdown/components/NotificationItem.tsx","layouts/Header/components/NotificationsDropdown/config.ts",2.67
"layouts/Header/components/NotificationsDropdown/components/NotificationItem.tsx","layouts/Header/components/NotificationsDropdown/types.ts",3.18
"layouts/Header/components/NotificationsDropdown/components/NotificationList.tsx","layouts/Header/components/NotificationsDropdown/components/NotificationItem.tsx",3.02
"layouts/Header/components/NotificationsDropdown/components/NotificationList.tsx","layouts/Header/components/NotificationsDropdown/types.ts",3.18
"layouts/Header/components/NotificationsDropdown/components/NotificationsModal.tsx","layouts/Header/components/NotificationsDropdown/components/NotificationList.tsx",2.85
"layouts/Header/components/NotificationsDropdown/components/NotificationsModal.tsx","layouts/Header/components/NotificationsDropdown/types.ts",3.02
"layouts/Header/components/NotificationsDropdown/components/index.ts","layouts/Header/components/NotificationsDropdown/components/NotificationFooter.tsx",3.02
"layouts/Header/components/NotificationsDropdown/components/index.ts","layouts/Header/components/NotificationsDropdown/components/NotificationHeader.tsx",3.02
"layouts/Header/components/NotificationsDropdown/components/index.ts","layouts/Header/components/NotificationsDropdown/components/NotificationItem.tsx",3.48
"layouts/Header/components/NotificationsDropdown/components/index.ts","layouts/Header/components/NotificationsDropdown/components/NotificationList.tsx",3.48
"layouts/Header/components/NotificationsDropdown/components/index.ts","layouts/Header/components/NotificationsDropdown/components/NotificationTrigger.tsx",3.02
"layouts/Header/components/NotificationsDropdown/components/index.ts","layouts/Header/components/NotificationsDropdown/components/NotificationsModal.tsx",3.33
"layouts/Header/components/NotificationsDropdown/config.ts","layouts/Header/components/NotificationsDropdown/types.ts",2.85
"layouts/Header/components/NotificationsDropdown/hooks/index.ts","layouts/Header/components/NotificationsDropdown/hooks/useClickOutside.ts",2.25
"layouts/Header/components/NotificationsDropdown/hooks/index.ts","layouts/Header/components/NotificationsDropdown/hooks/useNotifications.ts",2.47
"layouts/Header/components/NotificationsDropdown/hooks/useNotifications.ts","layouts/Header/components/NotificationsDropdown/types.ts",2.85
"layouts/Header/components/NotificationsDropdown/index.tsx","layouts/Header/components/NotificationsDropdown/components/index.ts",3.33
"layouts/Header/components/NotificationsDropdown/index.tsx","layouts/Header/components/NotificationsDropdown/hooks/index.ts",2.67
"layouts/Header/components/UserDropdown/index.tsx","layouts/Header/components/UserDropdown/useUserMenuItems.tsx",2.25
"layouts/Header/components/UserDropdown/useUserMenuItems.tsx","layouts/Header/components/LanguageSelector/index.tsx",2.25
"layouts/Header/components/index.ts","layouts/Header/components/Breadcrumbs.tsx",3.33
"layouts/Header/components/index.ts","layouts/Header/components/ConnectWallet.tsx",3.18
"layouts/Header/components/index.ts","layouts/Header/components/HeaderActions/index.tsx",3.18
"layouts/Header/components/index.ts","layouts/Header/components/LanguageSelector/index.tsx",3.33
"layouts/Header/components/index.ts","layouts/Header/components/NotificationsDropdown/index.tsx",3.48
"layouts/Header/components/index.ts","layouts/Header/components/ThemeToggle/index.tsx",3.18
"layouts/Header/components/index.ts","layouts/Header/components/UserDropdown/index.tsx",3.33
"layouts/Header/index.tsx","layouts/Header/HeaderMenuContext.tsx",2.25
"layouts/Header/index.tsx","layouts/Header/components/index.ts",3.48
"layouts/Sidebar/SidebarProof.tsx","layouts/Sidebar/components/SidebarProfile.tsx",2.25
"layouts/Sidebar/SidebarProof.tsx","layouts/Sidebar/config/navigation.config.tsx",2.85
"layouts/Sidebar/components/SidebarItem.tsx","layouts/Sidebar/types.ts",2.85
"layouts/Sidebar/components/SidebarLogo.tsx","layouts/Sidebar/types.ts",2.67
"layouts/Sidebar/components/SidebarNavigation.tsx","layouts/Sidebar/components/SidebarItem.tsx",2.67
"layouts/Sidebar/components/SidebarNavigation.tsx","layouts/Sidebar/config/navigation.config.tsx",3.02
"layouts/Sidebar/components/index.ts","layouts/Sidebar/components/SidebarItem.tsx",3.33
"layouts/Sidebar/components/index.ts","layouts/Sidebar/components/SidebarLogo.tsx",3.18
"layouts/Sidebar/components/index.ts","layouts/Sidebar/components/SidebarLogout.tsx",3.02
"layouts/Sidebar/components/index.ts","layouts/Sidebar/components/SidebarNavigation.tsx",3.33
"layouts/Sidebar/components/index.ts","layouts/Sidebar/components/SidebarProfile.tsx",3.18
"layouts/Sidebar/components/index.ts","layouts/Sidebar/components/SidebarToggle.tsx",3.02
"layouts/Sidebar/config/index.ts","layouts/Sidebar/config/navigation.config.tsx",3.02
"layouts/Sidebar/config/index.ts","layouts/Sidebar/config/sidebar.config.ts",2.47
"layouts/Sidebar/config/navigation.config.tsx","layouts/Sidebar/types.ts",3.18
"layouts/Sidebar/hooks/index.ts","layouts/Sidebar/hooks/useSidebarState.ts",2.25
"layouts/Sidebar/hooks/useSidebarState.ts","layouts/Sidebar/config/sidebar.config.ts",2.25
"layouts/Sidebar/index.tsx","layouts/Sidebar/components/index.ts",3.61
"layouts/Sidebar/index.tsx","layouts/Sidebar/config/index.ts",3.02
"layouts/Sidebar/index.tsx","layouts/Sidebar/hooks/index.ts",2.85
"layouts/Sidebar/index.tsx","layouts/Sidebar/types.ts",3.18
"layouts/index.ts","layouts/Header/index.tsx",2.47
"layouts/index.ts","layouts/Sidebar/index.tsx",2.85
"lib/dedup.ts","db.ts",3.48
"lz-reserve-monitor.ts","config.ts",4.55
"lz-reserve-monitor.ts","error-reporter.ts",3.33
"market-feeds.ts","error-reporter.ts",3.61
"market-feeds.ts","market-oracle.ts",2.67
"market-oracle.ts","error-reporter.ts",3.33
"middleware.ts","i18n/routing.ts",2.67
"monitor.ts","alpha-bot.ts",3.99
"monitor.ts","bridge.ts",4.75
"monitor.ts","config.ts",5.48
"monitor.ts","db.ts",4.55
"monitor.ts","growth-agent/skills/telegram.ts",4.65
"monitor.ts","issuers.ts",4.55
"monitor.ts","lib/chains.ts",3.74
"monitor.ts","lib/dedup.ts",3.99
"monitor.ts","nonce-manager.ts",4.11
"monitor.ts","solana-bridge.ts",4.11
"monitor.ts","swap.ts",4.44
"native-price.ts","market-feeds.ts",3.18
"nuro-routes.ts","bridge.ts",5.64
"nuro-routes.ts","budgets.ts",5.13
"nuro-routes.ts","card-balance-sync.ts",5.22
"nuro-routes.ts","config.ts",6.26
"nuro-routes.ts","db.ts",5.48
"nuro-routes.ts","dwolla-client.ts",4.94
"nuro-routes.ts","error-reporter.ts",5.48
"nuro-routes.ts","huginn/index.ts",5.48
"nuro-routes.ts","hyperliquid-client.ts",4.85
"nuro-routes.ts","issuer-sync.ts",5.31
"nuro-routes.ts","issuers.ts",5.48
"nuro-routes.ts","jupiter-client.ts",5.13
"nuro-routes.ts","nonce-manager.ts",5.13
"nuro-routes.ts","oauth-verify.ts",4.85
"nuro-routes.ts","plaid-client.ts",4.94
"nuro-routes.ts","polymarket.ts",5.13
"nuro-routes.ts","quote-aggregator.ts",5.22
"nuro-routes.ts","reputation.ts",5.13
"nuro-routes.ts","solana-bridge.ts",5.13
"nuro-routes.ts","swap.ts",5.39
"nuro-routes.ts","yields-llama-client.ts",4.85
"ops-alerts.ts","config.ts",4.65
"ops-alerts.ts","growth-agent/skills/telegram.ts",3.61
"plaid-client.ts","config.ts",4.55
"polymarket.ts","config.ts",4.75
"providers/PrivyInnerProviders.tsx","providers/PrivyRuntimeContext.tsx",2.25
"providers/Providers.tsx","providers/BackendUserSync.tsx",2.85
"providers/Providers.tsx","providers/ReduxProvider.tsx",3.02
"providers/Providers.tsx","providers/ThemeContext.tsx",3.02
"providers/Providers.tsx","providers/index.ts",3.87
"providers/Providers.tsx","providers/progressBarProvider.tsx",3.02
"providers/index.ts","providers/PrivyAuthSync.tsx",3.18
"providers/index.ts","providers/PrivyInnerProviders.tsx",3.33
"providers/index.ts","providers/PrivyRuntimeContext.tsx",3.33
"providers/index.ts","providers/Providers.tsx",3.87
"providers/index.ts","providers/ReduxProvider.tsx",3.33
"providers/index.ts","providers/ThemeContext.tsx",3.33
"providers/index.ts","providers/progressBarProvider.tsx",3.33
"proxy.ts","i18n/routing.ts",2.67
"quote-aggregator.ts","config.ts",4.85
"quote-aggregator.ts","jupiter-client.ts",3.18
"quote-aggregator.ts","oneinch-client.ts",2.67
"quote-aggregator.ts","swap.ts",3.61
"reputation.ts","huginn/index.ts",3.61
"sandbox/orchestrator.ts","bridge.ts",3.87
"sandbox/orchestrator.ts","sandbox/db.ts",2.67
"sandbox/routes.ts","sandbox/db.ts",2.47
"sandbox/routes.ts","sandbox/orchestrator.ts",2.85
"sandbox/routes.ts","sandbox/scope.ts",2.47
"sandbox/scope.ts","native-price.ts",2.85
"scanners/cctp-doc-scanner.ts","scanners/external-doc-monitor.ts",2.85
"scanners/external-doc-monitor.ts","growth-agent/skills/telegram.ts",3.87
"scanners/external-doc-monitor.ts","heimdall/index.ts",5.13
"scanners/lz-doc-scanner.ts","scanners/external-doc-monitor.ts",2.85
"solana-bridge.ts","config.ts",4.75
"store/store.ts","store/slices/authSlice.ts",2.25
"store/store.ts","store/slices/dashboardSlice.ts",2.25
"store/store.ts","store/slices/transactionSlice.ts",2.25
"swap.ts","config.ts",5.04
"swap.ts","db.ts",3.99
"swap.ts","heimdall/index.ts",5.31
"webhook-verify.ts","error-reporter.ts",3.33